{
  "Name": "Conkies",
  "Description": "A sweet corn cake steamed in a banana leaf",
  "Category": "Cooking",
  "Edibility": 44,
  "EdibleIsDrink": false,
  "EdibleBuffs": null,
  "Price": 1090,
  "IsColored": false,
  "Recipe": {
    "ResultCount": 1,
    "Ingredients": [
      {
        "Object": 270,
        "Count": 1,
      },
      {
        "Object": 280,
        "Count": 1,
      },
      {
        "Object": 88,
        "Count": 1,
      }
      {
	"Object": 276,
	"Count" 1,
    ],
    "CanPurchase": true,
    "PurchaseFrom": "Sandy",
    "PurchasePrice": 6500,
    ]
  },
  "GiftTastes": {
	"Like": ["Abigail", "Alex", "Caroline", "Clint", "Demetrius", "Elliott", "Emily", "Evelyn", "George", "Gus", "Haley", "Harvey", "Jas", "Jodi", "Kent", "Leah", "Lewis", "Linus", "Marnie", "Maru", "Pam", "Penny", "Pierre", "Robin", "Sam", "Sandy", "Sebastian", "Shane", "Vincent", "Willy", "Wizard"],
	"Neutral": ["Dwarf", "Krobus"],
  }
}