{
  "Name": "Blue Corn Pancake",
  "Description": "A slightly sweet corn pancake, great with blueberries.",
  "Category": "Cooking",
  "Edibility": 40,
  "EdibleIsDrink": false,
  "EdibleBuffs": null,
  "Price": 200,
  "IsColored": false,
  "Recipe": {
    "ResultCount": 1,
    "Ingredients": [
      {
        "Object": "Blue Corn",
        "Count": 1,
      },
      {
        "Object": -5,
        "Count": 1,
      },
      {
        "Object": 260,
        "Count": 1,
      },
      {
	"Object": 258,
	"Count": 1,
    ],
    "CanPurchase": true,
    "PurchaseFrom": "Gus",
    "PurchasePrice": 1530,
    "PurchaseRequirements": null,
    "GiftTastes":
    {
        "Love": ["Lewis", "Shane"],
        "Like": ["Demetrius", "Elliott", "Harvey", "Jodi", "Kent", "Leah", "Linus", "Pam", "Robin", "Sandy", "Abigail", "Haley", "Jas", "Vincent"]
    }
  }
}